name,concept
aventra,"forward movement and operational excellence"
belvora,"reliable enterprise platform"
calvora,"connected physical assets"
durevia,"durability across the asset lifecycle"
envara,"bringing assets into one system"
falvora,"field-first operations"
galvera,"trusted industrial software"
halvora,"clarity across infrastructure"
invero,"source of operational truth"
jorava,"coordination at scale"
kalvora,"enterprise asset platform"
lanvera,"connected facilities"
melvora,"visibility and intelligence"
navera,"guiding physical operations"
orvera,"organized asset lifecycle"
ravera,"reliable asset records"
selvora,"service and maintenance platform"
telvora,"distributed operations"
ulvera,"long-term infrastructure"
valvora,"creating value from assets"
ardevia,"modern enterprise platform"
brianta,"operational confidence"
coralis,"connected environments"
draventa,"industrial coordination"
elantis,"platform for physical operations"
feralis,"robust infrastructure"
graventa,"built for industry"
helaris,"trusted facilities platform"
ivantis,"intelligent operations"
jarvian,"engineering software"
koralis,"industrial intelligence"
levanta,"lifting operational standards"
moralis,"structured execution"
noralis,"future-ready operations"
orantis,"workflow orchestration"
paralis,"connected maintenance"
quoralis,"coordination and visibility"
relantis,"enterprise collaboration"
seranta,"field execution"
toralis,"industrial reliability"
umbriax,"modern software identity"
varantis,"large-scale operations"
welantis,"trusted enterprise platform"
xelaris,"next-generation infrastructure"
yoralis,"distributed asset intelligence"
zelantis,"enterprise visibility"
amberon,"lasting operational value"
brinkor,"operations at the edge"
crestal,"raising operational standards"
dockwell,"home for physical assets"
everpath,"continuous asset lifecycle"
fieldmark,"field operations platform"
forgepath,"building resilient operations"
framewell,"structured asset management"
groundline,"foundation for operations"
harborix,"safe operational platform"
hingeworks,"connecting every workflow"
ironwell,"strength and dependability"
landforge,"built for the physical world"
linecraft,"organized execution"
loadstone,"guiding operational decisions"
mapwell,"mapping every asset"
milepost,"tracking operational progress"
northgrid,"direction across facilities"
oakbridge,"connecting physical infrastructure"
pathline,"clear operational journeys"
placeforge,"managing every location"
pointwell,"trusted operational data"
railmark,"logistics and infrastructure"
ridgeworks,"strong operational backbone"
rootline,"foundation of every asset"
siteforge,"software for worksites"
sitehaven,"trusted facility management"
stonepath,"durable infrastructure platform"
stronghold,"protecting critical assets"
trackforge,"asset tracking and history"
trailmark,"operational visibility"
trueforge,"trusted engineering platform"
vaultline,"secure asset records"
wayforge,"building better operations"
workhaven,"central place for operations"
yardforge,"yards and fleet management"
yardmark,"industrial asset visibility"
altforge,"higher operational standards"
beamline,"connecting infrastructure"
blueanchor,"trusted operational foundation"
bricklane,"built for the physical world"
bridgefield,"connecting people and assets"
craftline,"precision operations"
drivemark,"moving operations forward"
earthgrid,"physical infrastructure network"
forgebridge,"engineering collaboration"
gearfield,"equipment and maintenance"
gridforge,"connected facilities"
groundbeam,"strong operational foundation"
ironbridge,"linking critical infrastructure"
landanchor,"stability across locations"
liftpoint,"operational improvement"
markfield,"visibility across worksites"
northforge,"guiding enterprise operations"
primeyard,"industrial asset management"
roadforge,"infrastructure lifecycle"
sitebridge,"connecting distributed sites"
stonegrid,"durable operational platform"
workgrid,"bringing teams and assets together"